1,"'[cacoresdk|http://gforge.nci.nih.gov/svnroot/cacoresdk/trunk]'","(x)","'[(/)|http://cbvapp-c1006.nci.nih.gov:48080/hudson/job/certify-cacoresdk/lastBuild/console|Feature implementation is successful]'","'[(/)|http://cbvapp-c1006.nci.nih.gov:48080/hudson/job/certify-cacoresdk/lastBuild/console|Feature implementation is successful]'","'[(+)|http://cbvapp-c1006.nci.nih.gov:48080/hudson/job/certify-cacoresdk/lastBuild/console|Feature is Optional]'","'[(/)|http://cbvapp-c1006.nci.nih.gov:48080/hudson/job/certify-cacoresdk/lastBuild/console|Feature implementation is successful]'","'[(/)|http://cbvapp-c1006.nci.nih.gov:48080/hudson/job/certify-cacoresdk/lastBuild/console|Feature implementation is successful]'","'[(+)|http://cbvapp-c1006.nci.nih.gov:48080/hudson/job/certify-cacoresdk/lastBuild/console|Feature is Optional]'","'[(!)|http://ncias-c124-v.nci.nih.gov:48080/hudson/job/sdk-package-modules/152/|Build #152(Jun 15, 2010 8:01:10 PM)Jun 16, 2010 3:43:27 AM</span><a href=\"http://hudson-ci.org/\">Hudson ver. 1.341</a></td></tr></table><script>]'","'[(x)|http://cbvapp-c1006.nci.nih.gov:48080/hudson/job/certify-cacoresdk/lastBuild/console|The following error occurred while executing this line:/usr/local/hudsonuser/buildcertification/build/build.xml:585: Script Failed: /usr/local/hudsonuser/buildcertification/build/working/bda_certification/sdk-toolkit/example-project/build/install.xml (No such file or directory)]'","'[(/)|http://gforge.nci.nih.gov/svnroot/commonlibrary/trunk/ivy-repo/ncicb/bda-utils/1.2.13|1.2.13]'","'[(/)|http://cbvapp-c1006.nci.nih.gov:48080/hudson/job/certify-cacoresdk/lastBuild/console|Feature implementation is successful]'"
3,"'[pa|https://ncisvn.nci.nih.gov/svn/coppa/trunk/]'","(x)","'[(/)|http://cbvapp-c1006.nci.nih.gov:48080/hudson/job/certify-pa/lastBuild/console|Feature implementation is successful]'","'[(x)|http://cbvapp-c1006.nci.nih.gov:48080/hudson/job/certify-pa/lastBuild/console|The directory /usr/local/hudsonuser/buildcertification/build/working/bda_certification/software/target does not exist]'","'[(x)|http://cbvapp-c1006.nci.nih.gov:48080/hudson/job/certify-pa/lastBuild/console|Basedir /usr/local/hudsonuser/buildcertification/build/working/bda_certification/software/target does not exist]'","'[(x)|http://cbvapp-c1006.nci.nih.gov:48080/hudson/job/certify-pa/lastBuild/console|The directory /usr/local/hudsonuser/buildcertification/build/working/bda_certification/software/target does not exist]'","'[(x)|http://cbvapp-c1006.nci.nih.gov:48080/hudson/job/certify-pa/lastBuild/console|Basedir /usr/local/hudsonuser/buildcertification/build/working/bda_certification/software/target does not exist]'","'[(/)|http://cbvapp-c1006.nci.nih.gov:48080/hudson/job/certify-pa/lastBuild/console|Feature implementation is successful]'","'[(!)|http://cbvapp-c1005.nci.nih.gov:48080/hudson/job/pa-bda-ci/2816/|Build #2816(Jun 16, 2010 8:01:44 AM)]'","'[(/)|http://cbvapp-c1006.nci.nih.gov:48080/hudson/job/certify-pa/lastBuild/console|Feature implementation is successful]'","'[(/)|http://gforge.nci.nih.gov/svnroot/commonlibrary/trunk/ivy-repo/ncicb/bda-utils/1.6.2|1.6.2]'","'[(x)|http://cbvapp-c1006.nci.nih.gov:48080/hudson/job/certify-pa/lastBuild/console|exec returned: 1]'"
4,"'[lexevs|http://gforge.nci.nih.gov/svnroot/lexevs/base/v5/trunk]'","(x)","'[(/)|http://cbvapp-c1006.nci.nih.gov:48080/hudson/job/certify-lexevs/lastBuild/console|Feature implementation is successful]'","'[(x)|http://cbvapp-c1006.nci.nih.gov:48080/hudson/job/certify-lexevs/lastBuild/console|exec returned: 1]'","'[(x)|http://cbvapp-c1006.nci.nih.gov:48080/hudson/job/certify-lexevs/lastBuild/console|exec returned: 1]'","'[(x)|http://cbvapp-c1006.nci.nih.gov:48080/hudson/job/certify-lexevs/lastBuild/console|exec returned: 1]'","'[(x)|http://cbvapp-c1006.nci.nih.gov:48080/hudson/job/certify-lexevs/lastBuild/console|exec returned: 1]'","'[(x)|http://cbvapp-c1006.nci.nih.gov:48080/hudson/job/certify-lexevs/lastBuild/console|exec returned: 1]'","'[(x)|http://cbvapp-c1006.nci.nih.gov:48080/hudson/job/certify-lexevs/lastBuild/console|exec returned: 1]'","'[(x)|http://cbvapp-c1006.nci.nih.gov:48080/hudson/job/certify-lexevs/lastBuild/console|exec returned: 1]'","'[(x)|http://cbvapp-c1006.nci.nih.gov:48080/hudson/job/certify-lexevs/lastBuild/console|exec returned: 1]'","'[(x)|http://cbvapp-c1006.nci.nih.gov:48080/hudson/job/certify-lexevs/lastBuild/console|exec returned: 1]'"
2,"'[caarray|http://gforge.nci.nih.gov/svnroot/caarray2/trunk]'","(x)","'[(/)|http://cbvapp-c1006.nci.nih.gov:48080/hudson/job/certify-caarray/lastBuild/console|Feature implementation is successful]'","'[(/)|http://cbvapp-c1006.nci.nih.gov:48080/hudson/job/certify-caarray/lastBuild/console|Feature implementation is successful]'","'[(/)|http://cbvapp-c1006.nci.nih.gov:48080/hudson/job/certify-caarray/lastBuild/console|Feature implementation is successful]'","'[(x)|http://cbvapp-c1006.nci.nih.gov:48080/hudson/job/certify-caarray/lastBuild/console|Macro database-install was not called during the execution path]'","'[(/)|http://cbvapp-c1006.nci.nih.gov:48080/hudson/job/certify-caarray/lastBuild/console|Feature implementation is successful]'","'[(/)|http://cbvapp-c1006.nci.nih.gov:48080/hudson/job/certify-caarray/lastBuild/console|Feature implementation is successful]'","'[(/)|http://cbvapp-c1003.nci.nih.gov:48080/hudson/job/caarray2-ci/1877/|Build #1877(Jun 15, 2010 1:09:30 PM)]'","'[(/)|http://cbvapp-c1006.nci.nih.gov:48080/hudson/job/certify-caarray/lastBuild/console|Feature implementation is successful]'","'[(/)|http://gforge.nci.nih.gov/svnroot/commonlibrary/trunk/ivy-repo/ncicb/bda-utils/1.5.9|1.5.9]'","'[(x)|http://cbvapp-c1006.nci.nih.gov:48080/hudson/job/certify-caarray/lastBuild/console|The following error occurred while executing this line:/usr/local/hudsonuser/buildcertification/build/build.xml:611: Script Failed: /usr/local/hudsonuser/buildcertification/build/working/installer/install.properties (No such file or directory)]'"
11,"'[cadsr-cdebrowser|https://ncisvn.nci.nih.gov/svn/cdebrowser/trunk]'","(x)","'[(/)|http://cbvapp-c1006.nci.nih.gov:48080/hudson/job/certify-cadsr-cdebrowser/lastBuild/console|Feature implementation is successful]'","'[(/)|http://cbvapp-c1006.nci.nih.gov:48080/hudson/job/certify-cadsr-cdebrowser/lastBuild/console|Feature implementation is successful]'","'[(/)|http://cbvapp-c1006.nci.nih.gov:48080/hudson/job/certify-cadsr-cdebrowser/lastBuild/console|Feature implementation is successful]'","'[(/)|http://cbvapp-c1006.nci.nih.gov:48080/hudson/job/certify-cadsr-cdebrowser/lastBuild/console|Feature implementation is successful]'","'[(/)|http://cbvapp-c1006.nci.nih.gov:48080/hudson/job/certify-cadsr-cdebrowser/lastBuild/console|Feature implementation is successful]'","'[(x)|http://cbvapp-c1006.nci.nih.gov:48080/hudson/job/certify-cadsr-cdebrowser/lastBuild/console|Cant checkout]'","'[(/)|http://ncias-c357-v:48080/hudson/job/CDEBrowser/265/|Build #265(Jun 15, 2010 8:01:11 PM)]'","'[(/)|http://cbvapp-c1006.nci.nih.gov:48080/hudson/job/certify-cadsr-cdebrowser/lastBuild/console|Feature implementation is successful]'","'[(/)|http://gforge.nci.nih.gov/svnroot/commonlibrary/trunk/ivy-repo/ncicb/bda-utils/1.5.9|1.5.9]'","'[(/)|http://cbvapp-c1006.nci.nih.gov:48080/hudson/job/certify-cadsr-cdebrowser/lastBuild/console|Feature implementation is successful]'"
5,"'[bioportal|http://gforge.nci.nih.gov/svnroot/lex-browser/trunk]'","(x)","'[(/)|http://cbvapp-c1006.nci.nih.gov:48080/hudson/job/certify-bioportal/lastBuild/console|Feature implementation is successful]'","'[(/)|http://cbvapp-c1006.nci.nih.gov:48080/hudson/job/certify-bioportal/lastBuild/console|Feature implementation is successful]'","'[(x)|http://cbvapp-c1006.nci.nih.gov:48080/hudson/job/certify-bioportal/lastBuild/console|exec returned: 1]'","'[(x)|http://cbvapp-c1006.nci.nih.gov:48080/hudson/job/certify-bioportal/lastBuild/console|Macro database-install was not called during the execution path]'","'[(x)|http://cbvapp-c1006.nci.nih.gov:48080/hudson/job/certify-bioportal/lastBuild/console|The following error occurred while executing this line:: TEMPLATE VALIDATION FAILED: Can not find the template file]'","'[(/)|http://cbvapp-c1006.nci.nih.gov:48080/hudson/job/certify-bioportal/lastBuild/console|Feature implementation is successful]'","'[(x)|http://cbvapp-c1006.nci.nih.gov:48080/hudson/job/certify-bioportal/lastBuild/console|Badly formed URL: ]'","'[(x)|http://cbvapp-c1006.nci.nih.gov:48080/hudson/job/certify-bioportal/lastBuild/console|The following error occurred while executing this line:: The following error occurred while executing this line:/usr/local/hudsonuser/buildcertification/build/build.xml:576: Tests failed, see result file for details: /usr/local/hudsonuser/buildcertification/certification-tests/results/results.html]'","'[(/)|http://gforge.nci.nih.gov/svnroot/commonlibrary/trunk/ivy-repo/ncicb/bda-utils/0.4.0|0.4.0]'","'[(/)|http://cbvapp-c1006.nci.nih.gov:48080/hudson/job/certify-bioportal/lastBuild/console|Feature implementation is successful]'"
6,"'[caAdapter|https://ncisvn.nci.nih.gov/svn/caadapter/trunk]'","(x)","'[(x)|http://cbvapp-c1006.nci.nih.gov:48080/hudson/job/certify-caAdapter/lastBuild/console|exec returned: 1]'","'[(x)|http://cbvapp-c1006.nci.nih.gov:48080/hudson/job/certify-caAdapter/lastBuild/console|exec returned: 1]'","'[(x)|http://cbvapp-c1006.nci.nih.gov:48080/hudson/job/certify-caAdapter/lastBuild/console|The following error occurred while executing this line:java.io.FileNotFoundException: /usr/local/hudsonuser/buildcertification/build/working/bda_certification/software/target/dist/exploded/build.xml (No such file or directory)]'","'[(x)|http://cbvapp-c1006.nci.nih.gov:48080/hudson/job/certify-caAdapter/lastBuild/console|exec returned: 1]'","'[(x)|http://cbvapp-c1006.nci.nih.gov:48080/hudson/job/certify-caAdapter/lastBuild/console|exec returned: 1]'","'[(+)|http://cbvapp-c1006.nci.nih.gov:48080/hudson/job/certify-caAdapter/lastBuild/console|Feature is Optional]'","'[(x)|http://cbvapp-c1006.nci.nih.gov:48080/hudson/job/certify-caAdapter/lastBuild/console|CI SERVER NOT REACHABLE]'","'[(x)|http://cbvapp-c1006.nci.nih.gov:48080/hudson/job/certify-caAdapter/lastBuild/console|The following error occurred while executing this line:: The following error occurred while executing this line:/usr/local/hudsonuser/buildcertification/build/build.xml:576: Tests failed, see result file for details: /usr/local/hudsonuser/buildcertification/certification-tests/results/results.html]'","'[(/)|http://gforge.nci.nih.gov/svnroot/commonlibrary/trunk/ivy-repo/ncicb/bda-utils/1.5.2|1.5.2]'","'[(x)|http://cbvapp-c1006.nci.nih.gov:48080/hudson/job/certify-caAdapter/lastBuild/console|exec returned: 1]'"
7,"'[cab2b|https://ncisvn.nci.nih.gov/svn/cab2b/trunk]'","(x)","'[(/)|http://cbvapp-c1006.nci.nih.gov:48080/hudson/job/certify-cab2b/lastBuild/console|Feature implementation is successful]'","'[(/)|http://cbvapp-c1006.nci.nih.gov:48080/hudson/job/certify-cab2b/lastBuild/console|Feature implementation is successful]'","'[(x)|http://cbvapp-c1006.nci.nih.gov:48080/hudson/job/certify-cab2b/lastBuild/console|exec returned: 1]'","'[(/)|http://cbvapp-c1006.nci.nih.gov:48080/hudson/job/certify-cab2b/lastBuild/console|Feature implementation is successful]'","'[(x)|http://cbvapp-c1006.nci.nih.gov:48080/hudson/job/certify-cab2b/lastBuild/console|The following error occurred while executing this line:: TEMPLATE VALIDATION FAILED: Can not find the template file]'","'[(/)|http://cbvapp-c1006.nci.nih.gov:48080/hudson/job/certify-cab2b/lastBuild/console|Feature implementation is successful]'","'[(x)|http://cbvapp-c1006.nci.nih.gov:48080/hudson/job/certify-cab2b/lastBuild/console|Badly formed URL: ]'","'[(/)|http://cbvapp-c1006.nci.nih.gov:48080/hudson/job/certify-cab2b/lastBuild/console|Feature implementation is successful]'","'[(x)|http://cbvapp-c1006.nci.nih.gov:48080/hudson/job/certify-cab2b/lastBuild/console|The following error occurred while executing this line:: PROJECT USES THE 0.12.0-beta BETA VERSION OF THE BDA UTILS]'","'[(/)|http://cbvapp-c1006.nci.nih.gov:48080/hudson/job/certify-cab2b/lastBuild/console|Feature implementation is successful]'"
8,"'[cabio|http://gforge.nci.nih.gov/svnroot/cabiodb/cabioapi/trunk/]'","(/)","'[(/)|http://cbvapp-c1006.nci.nih.gov:48080/hudson/job/certify-cabio/lastBuild/console|Feature implementation is successful]'","'[(/)|http://cbvapp-c1006.nci.nih.gov:48080/hudson/job/certify-cabio/lastBuild/console|Feature implementation is successful]'","'[(/)|http://cbvapp-c1006.nci.nih.gov:48080/hudson/job/certify-cabio/lastBuild/console|Feature implementation is successful]'","'[(+)|http://cbvapp-c1006.nci.nih.gov:48080/hudson/job/certify-cabio/lastBuild/console|Feature is Optional]'","'[(/)|http://cbvapp-c1006.nci.nih.gov:48080/hudson/job/certify-cabio/lastBuild/console|Feature implementation is successful]'","'[(/)|http://cbvapp-c1006.nci.nih.gov:48080/hudson/job/certify-cabio/lastBuild/console|Feature implementation is successful]'","'[(/)|http://ncias-d185-v.nci.nih.gov:48080/hudson/job/cabioapi/268/|Build #268(May 19, 2010 9:25:33 AM)]'","'[(/)|http://cbvapp-c1006.nci.nih.gov:48080/hudson/job/certify-cabio/lastBuild/console|Feature implementation is successful]'","'[(/)|http://gforge.nci.nih.gov/svnroot/commonlibrary/trunk/ivy-repo/ncicb/bda-utils/1.2.17|1.2.17]'","'[(/)|http://cbvapp-c1006.nci.nih.gov:48080/hudson/job/certify-cabio/lastBuild/console|Feature implementation is successful]'"
9,"'[cadsr|http://gforge.nci.nih.gov/svnroot/cadsr/trunk]'","(x)","'[(x)|http://cbvapp-c1006.nci.nih.gov:48080/hudson/job/certify-cadsr/lastBuild/console|The directory /usr/local/hudsonuser/buildcertification/build/working/bda_certification/software/build does not exist]'","'[(x)|http://cbvapp-c1006.nci.nih.gov:48080/hudson/job/certify-cadsr/lastBuild/console|The directory /usr/local/hudsonuser/buildcertification/build/working/bda_certification/software/build does not exist]'","'[(x)|http://cbvapp-c1006.nci.nih.gov:48080/hudson/job/certify-cadsr/lastBuild/console|Basedir /usr/local/hudsonuser/buildcertification/build/working/bda_certification/software/target/dist/exploded does not exist]'","'[(x)|http://cbvapp-c1006.nci.nih.gov:48080/hudson/job/certify-cadsr/lastBuild/console|The directory /usr/local/hudsonuser/buildcertification/build/working/bda_certification/software/target/dist/exploded does not exist]'","'[(x)|http://cbvapp-c1006.nci.nih.gov:48080/hudson/job/certify-cadsr/lastBuild/console|The directory /usr/local/hudsonuser/buildcertification/build/working/bda_certification/software/build does not exist]'","'[(x)|http://cbvapp-c1006.nci.nih.gov:48080/hudson/job/certify-cadsr/lastBuild/console|Cant checkout]'","'[(x)|http://cbvapp-c1006.nci.nih.gov:48080/hudson/job/certify-cadsr/lastBuild/console|Badly formed URL: ]'","'[(x)|http://cbvapp-c1006.nci.nih.gov:48080/hudson/job/certify-cadsr/lastBuild/console|The following error occurred while executing this line:/usr/local/hudsonuser/buildcertification/build/build.xml:585: Script Failed: /usr/local/hudsonuser/buildcertification/build/working/bda_certification/software/build/install.xml (No such file or directory)]'","'[(x)|http://cbvapp-c1006.nci.nih.gov:48080/hudson/job/certify-cadsr/lastBuild/console|The following error occurred while executing this line:: Exception while geting the version of bdauitls::/usr/local/hudsonuser/buildcertification/build/working/bda_certification/software/build/project.properties (No such file or directory)]'","'[(x)|http://cbvapp-c1006.nci.nih.gov:48080/hudson/job/certify-cadsr/lastBuild/console|The directory /usr/local/hudsonuser/buildcertification/build/working/bda_certification/software/build does not exist]'"
10,"'[cadsr-cadsrdb|https://ncisvn.nci.nih.gov/svn/cadsrdb/trunk]'","(x)","'[(x)|http://cbvapp-c1006.nci.nih.gov:48080/hudson/job/certify-cadsr-cadsrdb/lastBuild/console|The directory /usr/local/hudsonuser/buildcertification/build/working/bda_certification/software/build does not exist]'","'[(x)|http://cbvapp-c1006.nci.nih.gov:48080/hudson/job/certify-cadsr-cadsrdb/lastBuild/console|The directory /usr/local/hudsonuser/buildcertification/build/working/bda_certification/software/build does not exist]'","'[(x)|http://cbvapp-c1006.nci.nih.gov:48080/hudson/job/certify-cadsr-cadsrdb/lastBuild/console|Basedir /usr/local/hudsonuser/buildcertification/build/working/bda_certification/software/target/dist/exploded does not exist]'","'[(x)|http://cbvapp-c1006.nci.nih.gov:48080/hudson/job/certify-cadsr-cadsrdb/lastBuild/console|The directory /usr/local/hudsonuser/buildcertification/build/working/bda_certification/software/target/dist/exploded does not exist]'","'[(x)|http://cbvapp-c1006.nci.nih.gov:48080/hudson/job/certify-cadsr-cadsrdb/lastBuild/console|The directory /usr/local/hudsonuser/buildcertification/build/working/bda_certification/software/build does not exist]'","'[(x)|http://cbvapp-c1006.nci.nih.gov:48080/hudson/job/certify-cadsr-cadsrdb/lastBuild/console|Cant checkout]'","'[(x)|http://cbvapp-c1006.nci.nih.gov:48080/hudson/job/certify-cadsr-cadsrdb/lastBuild/console|Badly formed URL: ]'","'[(x)|http://cbvapp-c1006.nci.nih.gov:48080/hudson/job/certify-cadsr-cadsrdb/lastBuild/console|The following error occurred while executing this line:/usr/local/hudsonuser/buildcertification/build/build.xml:585: Script Failed: /usr/local/hudsonuser/buildcertification/build/working/bda_certification/software/build/install.xml (No such file or directory)]'","'[(x)|http://cbvapp-c1006.nci.nih.gov:48080/hudson/job/certify-cadsr-cadsrdb/lastBuild/console|The following error occurred while executing this line:: Exception while geting the version of bdauitls::/usr/local/hudsonuser/buildcertification/build/working/bda_certification/software/build/project.properties (No such file or directory)]'","'[(x)|http://cbvapp-c1006.nci.nih.gov:48080/hudson/job/certify-cadsr-cadsrdb/lastBuild/console|The directory /usr/local/hudsonuser/buildcertification/build/working/bda_certification/software/build does not exist]'"
12,"'[cadsr-cdecurate|https://ncisvn.nci.nih.gov/svn/cdecurate/trunk]'","(x)","'[(x)|http://cbvapp-c1006.nci.nih.gov:48080/hudson/job/certify-cadsr-cdecurate/lastBuild/console|The directory /usr/local/hudsonuser/buildcertification/build/working/bda_certification/software/build does not exist]'","'[(x)|http://cbvapp-c1006.nci.nih.gov:48080/hudson/job/certify-cadsr-cdecurate/lastBuild/console|The directory /usr/local/hudsonuser/buildcertification/build/working/bda_certification/software/build does not exist]'","'[(x)|http://cbvapp-c1006.nci.nih.gov:48080/hudson/job/certify-cadsr-cdecurate/lastBuild/console|Basedir /usr/local/hudsonuser/buildcertification/build/working/bda_certification/software/target/dist/exploded does not exist]'","'[(x)|http://cbvapp-c1006.nci.nih.gov:48080/hudson/job/certify-cadsr-cdecurate/lastBuild/console|The directory /usr/local/hudsonuser/buildcertification/build/working/bda_certification/software/target/dist/exploded does not exist]'","'[(x)|http://cbvapp-c1006.nci.nih.gov:48080/hudson/job/certify-cadsr-cdecurate/lastBuild/console|The directory /usr/local/hudsonuser/buildcertification/build/working/bda_certification/software/build does not exist]'","'[(x)|http://cbvapp-c1006.nci.nih.gov:48080/hudson/job/certify-cadsr-cdecurate/lastBuild/console|Cant checkout]'","'[(x)|http://cbvapp-c1006.nci.nih.gov:48080/hudson/job/certify-cadsr-cdecurate/lastBuild/console|Badly formed URL: ]'","'[(x)|http://cbvapp-c1006.nci.nih.gov:48080/hudson/job/certify-cadsr-cdecurate/lastBuild/console|The following error occurred while executing this line:/usr/local/hudsonuser/buildcertification/build/build.xml:585: Script Failed: /usr/local/hudsonuser/buildcertification/build/working/bda_certification/software/build/install.xml (No such file or directory)]'","'[(x)|http://cbvapp-c1006.nci.nih.gov:48080/hudson/job/certify-cadsr-cdecurate/lastBuild/console|The following error occurred while executing this line:: Exception while geting the version of bdauitls::/usr/local/hudsonuser/buildcertification/build/working/bda_certification/software/build/project.properties (No such file or directory)]'","'[(x)|http://cbvapp-c1006.nci.nih.gov:48080/hudson/job/certify-cadsr-cdecurate/lastBuild/console|The directory /usr/local/hudsonuser/buildcertification/build/working/bda_certification/software/build does not exist]'"
13,"'[cadsr-formbuilder|https://ncisvn.nci.nih.gov/svn/formbuilder/trunk]'","(x)","'[(/)|http://cbvapp-c1006.nci.nih.gov:48080/hudson/job/certify-cadsr-formbuilder/lastBuild/console|Feature implementation is successful]'","'[(/)|http://cbvapp-c1006.nci.nih.gov:48080/hudson/job/certify-cadsr-formbuilder/lastBuild/console|Feature implementation is successful]'","'[(/)|http://cbvapp-c1006.nci.nih.gov:48080/hudson/job/certify-cadsr-formbuilder/lastBuild/console|Feature implementation is successful]'","'[(/)|http://cbvapp-c1006.nci.nih.gov:48080/hudson/job/certify-cadsr-formbuilder/lastBuild/console|Feature implementation is successful]'","'[(/)|http://cbvapp-c1006.nci.nih.gov:48080/hudson/job/certify-cadsr-formbuilder/lastBuild/console|Feature implementation is successful]'","'[(x)|http://cbvapp-c1006.nci.nih.gov:48080/hudson/job/certify-cadsr-formbuilder/lastBuild/console|Cant checkout]'","'[(/)|http://ncias-c357-v:48080/hudson/job/Formbuilder/214/|Build #214(Jun 15, 2010 8:01:11 PM)]'","'[(/)|http://cbvapp-c1006.nci.nih.gov:48080/hudson/job/certify-cadsr-formbuilder/lastBuild/console|Feature implementation is successful]'","'[(/)|http://gforge.nci.nih.gov/svnroot/commonlibrary/trunk/ivy-repo/ncicb/bda-utils/1.5.9|1.5.9]'","'[(/)|http://cbvapp-c1006.nci.nih.gov:48080/hudson/job/certify-cadsr-formbuilder/lastBuild/console|Feature implementation is successful]'"
14,"'[cadsr-freestylesearch|https://ncisvn.nci.nih.gov/svn/freestylesearch/trunk/freestylesearch]'","(x)","'[(/)|http://cbvapp-c1006.nci.nih.gov:48080/hudson/job/certify-cadsr-freestylesearch/lastBuild/console|Feature implementation is successful]'","'[(/)|http://cbvapp-c1006.nci.nih.gov:48080/hudson/job/certify-cadsr-freestylesearch/lastBuild/console|Feature implementation is successful]'","'[(/)|http://cbvapp-c1006.nci.nih.gov:48080/hudson/job/certify-cadsr-freestylesearch/lastBuild/console|Feature implementation is successful]'","'[(/)|http://cbvapp-c1006.nci.nih.gov:48080/hudson/job/certify-cadsr-freestylesearch/lastBuild/console|Feature implementation is successful]'","'[(/)|http://cbvapp-c1006.nci.nih.gov:48080/hudson/job/certify-cadsr-freestylesearch/lastBuild/console|Feature implementation is successful]'","'[(x)|http://cbvapp-c1006.nci.nih.gov:48080/hudson/job/certify-cadsr-freestylesearch/lastBuild/console|Cant checkout]'","'[(/)|http://ncias-c357-v:48080/hudson/job/FreestyleSearch/141/|Build #141(Jun 15, 2010 8:06:45 PM)]'","'[(/)|http://cbvapp-c1006.nci.nih.gov:48080/hudson/job/certify-cadsr-freestylesearch/lastBuild/console|Feature implementation is successful]'","'[(/)|http://gforge.nci.nih.gov/svnroot/commonlibrary/trunk/ivy-repo/ncicb/bda-utils/1.5.9|1.5.9]'","'[(/)|http://cbvapp-c1006.nci.nih.gov:48080/hudson/job/certify-cadsr-freestylesearch/lastBuild/console|Feature implementation is successful]'"
15,"'[cadsr-semanticTools|https://ncisvn.nci.nih.gov/svn/semanticTools/trunk]'","(x)","'[(x)|http://cbvapp-c1006.nci.nih.gov:48080/hudson/job/certify-cadsr-semanticTools/lastBuild/console|The directory /usr/local/hudsonuser/buildcertification/build/working/bda_certification/software/build does not exist]'","'[(x)|http://cbvapp-c1006.nci.nih.gov:48080/hudson/job/certify-cadsr-semanticTools/lastBuild/console|The directory /usr/local/hudsonuser/buildcertification/build/working/bda_certification/software/build does not exist]'","'[(x)|http://cbvapp-c1006.nci.nih.gov:48080/hudson/job/certify-cadsr-semanticTools/lastBuild/console|Basedir /usr/local/hudsonuser/buildcertification/build/working/bda_certification/software/target/dist/exploded does not exist]'","'[(x)|http://cbvapp-c1006.nci.nih.gov:48080/hudson/job/certify-cadsr-semanticTools/lastBuild/console|The directory /usr/local/hudsonuser/buildcertification/build/working/bda_certification/software/target/dist/exploded does not exist]'","'[(x)|http://cbvapp-c1006.nci.nih.gov:48080/hudson/job/certify-cadsr-semanticTools/lastBuild/console|The directory /usr/local/hudsonuser/buildcertification/build/working/bda_certification/software/build does not exist]'","'[(x)|http://cbvapp-c1006.nci.nih.gov:48080/hudson/job/certify-cadsr-semanticTools/lastBuild/console|Cant checkout]'","'[(x)|http://cbvapp-c1006.nci.nih.gov:48080/hudson/job/certify-cadsr-semanticTools/lastBuild/console|Badly formed URL: ]'","'[(x)|http://cbvapp-c1006.nci.nih.gov:48080/hudson/job/certify-cadsr-semanticTools/lastBuild/console|The following error occurred while executing this line:/usr/local/hudsonuser/buildcertification/build/build.xml:585: Script Failed: /usr/local/hudsonuser/buildcertification/build/working/bda_certification/software/build/install.xml (No such file or directory)]'","'[(x)|http://cbvapp-c1006.nci.nih.gov:48080/hudson/job/certify-cadsr-semanticTools/lastBuild/console|The following error occurred while executing this line:: Exception while geting the version of bdauitls::/usr/local/hudsonuser/buildcertification/build/working/bda_certification/software/build/project.properties (No such file or directory)]'","'[(x)|http://cbvapp-c1006.nci.nih.gov:48080/hudson/job/certify-cadsr-semanticTools/lastBuild/console|The directory /usr/local/hudsonuser/buildcertification/build/working/bda_certification/software/build does not exist]'"
16,"'[cadsr-sentinel|https://ncisvn.nci.nih.gov/svn/sentinel/trunk]'","(/)","'[(/)|http://cbvapp-c1006.nci.nih.gov:48080/hudson/job/certify-cadsr-sentinel/lastBuild/console|Feature implementation is successful]'","'[(/)|http://cbvapp-c1006.nci.nih.gov:48080/hudson/job/certify-cadsr-sentinel/lastBuild/console|Feature implementation is successful]'","'[(/)|http://cbvapp-c1006.nci.nih.gov:48080/hudson/job/certify-cadsr-sentinel/lastBuild/console|Feature implementation is successful]'","'[(/)|http://cbvapp-c1006.nci.nih.gov:48080/hudson/job/certify-cadsr-sentinel/lastBuild/console|Feature implementation is successful]'","'[(/)|http://cbvapp-c1006.nci.nih.gov:48080/hudson/job/certify-cadsr-sentinel/lastBuild/console|Feature implementation is successful]'","'[(/)|http://cbvapp-c1006.nci.nih.gov:48080/hudson/job/certify-cadsr-sentinel/lastBuild/console|Feature implementation is successful]'","'[(/)|http://ncias-c357-v:48080/hudson/job/Sentinel/140/|Build #140(Jun 10, 2010 8:08:43 PM)]'","'[(/)|http://cbvapp-c1006.nci.nih.gov:48080/hudson/job/certify-cadsr-sentinel/lastBuild/console|Feature implementation is successful]'","'[(/)|http://gforge.nci.nih.gov/svnroot/commonlibrary/trunk/ivy-repo/ncicb/bda-utils/1.5.9|1.5.9]'","'[(/)|http://cbvapp-c1006.nci.nih.gov:48080/hudson/job/certify-cadsr-sentinel/lastBuild/console|Feature implementation is successful]'"
17,"'[cadsr-umlmodelbrowser|https://ncisvn.nci.nih.gov/svn/umlmodelbrowser/trunk]'","(/)","'[(/)|http://cbvapp-c1006.nci.nih.gov:48080/hudson/job/certify-cadsr-umlmodelbrowser/lastBuild/console|Feature implementation is successful]'","'[(/)|http://cbvapp-c1006.nci.nih.gov:48080/hudson/job/certify-cadsr-umlmodelbrowser/lastBuild/console|Feature implementation is successful]'","'[(/)|http://cbvapp-c1006.nci.nih.gov:48080/hudson/job/certify-cadsr-umlmodelbrowser/lastBuild/console|Feature implementation is successful]'","'[(/)|http://cbvapp-c1006.nci.nih.gov:48080/hudson/job/certify-cadsr-umlmodelbrowser/lastBuild/console|Feature implementation is successful]'","'[(/)|http://cbvapp-c1006.nci.nih.gov:48080/hudson/job/certify-cadsr-umlmodelbrowser/lastBuild/console|Feature implementation is successful]'","'[(/)|http://cbvapp-c1006.nci.nih.gov:48080/hudson/job/certify-cadsr-umlmodelbrowser/lastBuild/console|Feature implementation is successful]'","'[(/)|http://ncias-c357-v:48080/hudson/job/UMLModelBrowser/158/|Build #158(Jun 10, 2010 8:11:20 PM)]'","'[(/)|http://cbvapp-c1006.nci.nih.gov:48080/hudson/job/certify-cadsr-umlmodelbrowser/lastBuild/console|Feature implementation is successful]'","'[(/)|http://gforge.nci.nih.gov/svnroot/commonlibrary/trunk/ivy-repo/ncicb/bda-utils/1.5.9|1.5.9]'","'[(/)|http://cbvapp-c1006.nci.nih.gov:48080/hudson/job/certify-cadsr-umlmodelbrowser/lastBuild/console|Feature implementation is successful]'"
18,"'[cagrid|http://gforge.nci.nih.gov/svnroot/cagrid/trunk]'","(x)","'[(x)|http://cbvapp-c1006.nci.nih.gov:48080/hudson/job/certify-cagrid/lastBuild/console|The directory /usr/local/hudsonuser/buildcertification/build/working/bda_certification/software/build does not exist]'","'[(x)|http://cbvapp-c1006.nci.nih.gov:48080/hudson/job/certify-cagrid/lastBuild/console|The directory /usr/local/hudsonuser/buildcertification/build/working/bda_certification/software/build does not exist]'","'[(x)|http://cbvapp-c1006.nci.nih.gov:48080/hudson/job/certify-cagrid/lastBuild/console|Basedir /usr/local/hudsonuser/buildcertification/build/working/bda_certification/software/target/dist/exploded does not exist]'","'[(x)|http://cbvapp-c1006.nci.nih.gov:48080/hudson/job/certify-cagrid/lastBuild/console|The directory /usr/local/hudsonuser/buildcertification/build/working/bda_certification/software/target/dist/exploded does not exist]'","'[(x)|http://cbvapp-c1006.nci.nih.gov:48080/hudson/job/certify-cagrid/lastBuild/console|The directory /usr/local/hudsonuser/buildcertification/build/working/bda_certification/software/build does not exist]'","'[(x)|http://cbvapp-c1006.nci.nih.gov:48080/hudson/job/certify-cagrid/lastBuild/console|Cant checkout]'","'[(x)|http://cbvapp-c1006.nci.nih.gov:48080/hudson/job/certify-cagrid/lastBuild/console|Badly formed URL: ]'","'[(x)|http://cbvapp-c1006.nci.nih.gov:48080/hudson/job/certify-cagrid/lastBuild/console|The following error occurred while executing this line:/usr/local/hudsonuser/buildcertification/build/build.xml:579: Script Failed: /usr/local/hudsonuser/buildcertification/build/working/bda_certification/software/build/install.xml (No such file or directory)]'","'[(x)|http://cbvapp-c1006.nci.nih.gov:48080/hudson/job/certify-cagrid/lastBuild/console|The following error occurred while executing this line:: Exception while geting the version of bdauitls::/usr/local/hudsonuser/buildcertification/build/working/bda_certification/software/build/project.properties (No such file or directory)]'","'[(x)|http://cbvapp-c1006.nci.nih.gov:48080/hudson/job/certify-cagrid/lastBuild/console|The directory /usr/local/hudsonuser/buildcertification/build/working/bda_certification/software/build does not exist]'"
19,"'[cagwas|http://gforge.nci.nih.gov/svnroot/cagwas/trunk]'","(x)","'[(/)|http://cbvapp-c1006.nci.nih.gov:48080/hudson/job/certify-cagwas/lastBuild/console|Feature implementation is successful]'","'[(/)|http://cbvapp-c1006.nci.nih.gov:48080/hudson/job/certify-cagwas/lastBuild/console|Feature implementation is successful]'","'[(x)|http://cbvapp-c1006.nci.nih.gov:48080/hudson/job/certify-cagwas/lastBuild/console|exec returned: 1]'","'[(/)|http://cbvapp-c1006.nci.nih.gov:48080/hudson/job/certify-cagwas/lastBuild/console|Feature implementation is successful]'","'[(/)|http://cbvapp-c1006.nci.nih.gov:48080/hudson/job/certify-cagwas/lastBuild/console|Feature implementation is successful]'","'[(/)|http://cbvapp-c1006.nci.nih.gov:48080/hudson/job/certify-cagwas/lastBuild/console|Feature implementation is successful]'","'[(/)|http://cbvapp-c1004.nci.nih.gov:48080/hudson/job/cagwas-ci/12/|Build #12(Jun 3, 2010 7:57:33 AM)]'","'[(/)|http://cbvapp-c1006.nci.nih.gov:48080/hudson/job/certify-cagwas/lastBuild/console|Feature implementation is successful]'","'[(/)|http://gforge.nci.nih.gov/svnroot/commonlibrary/trunk/ivy-repo/ncicb/bda-utils/1.5.3|1.5.3]'","'[(/)|http://cbvapp-c1006.nci.nih.gov:48080/hudson/job/certify-cagwas/lastBuild/console|Feature implementation is successful]'"
20,"'[caintegrator2|http://gforge.nci.nih.gov/svnroot/caintegrator2/trunk]'","(/)","'[(/)|http://cbvapp-c1006.nci.nih.gov:48080/hudson/job/certify-caintegrator2/lastBuild/console|Feature implementation is successful]'","'[(/)|http://cbvapp-c1006.nci.nih.gov:48080/hudson/job/certify-caintegrator2/lastBuild/console|Feature implementation is successful]'","'[(/)|http://cbvapp-c1006.nci.nih.gov:48080/hudson/job/certify-caintegrator2/lastBuild/console|Feature implementation is successful]'","'[(/)|http://cbvapp-c1006.nci.nih.gov:48080/hudson/job/certify-caintegrator2/lastBuild/console|Feature implementation is successful]'","'[(/)|http://cbvapp-c1006.nci.nih.gov:48080/hudson/job/certify-caintegrator2/lastBuild/console|Feature implementation is successful]'","'[(/)|http://cbvapp-c1006.nci.nih.gov:48080/hudson/job/certify-caintegrator2/lastBuild/console|Feature implementation is successful]'","'[(/)|http://cbvapp-c1004.nci.nih.gov:48080/hudson/job/caintegrator2-ci/5358/|Build #5358(Jun 11, 2010 3:57:32 PM)]'","'[(/)|http://cbvapp-c1006.nci.nih.gov:48080/hudson/job/certify-caintegrator2/lastBuild/console|Feature implementation is successful]'","'[(/)|http://gforge.nci.nih.gov/svnroot/commonlibrary/trunk/ivy-repo/ncicb/bda-utils/1.2.11|1.2.11]'","'[(/)|http://cbvapp-c1006.nci.nih.gov:48080/hudson/job/certify-caintegrator2/lastBuild/console|Feature implementation is successful]'"
21,"'[camod|https://ncisvn.nci.nih.gov/svn/camod/trunk]'","(x)","'[(/)|http://cbvapp-c1006.nci.nih.gov:48080/hudson/job/certify-camod/lastBuild/console|Feature implementation is successful]'","'[(x)|http://cbvapp-c1006.nci.nih.gov:48080/hudson/job/certify-camod/lastBuild/console|exec returned: 1]'","'[(x)|http://cbvapp-c1006.nci.nih.gov:48080/hudson/job/certify-camod/lastBuild/console|The following error occurred while executing this line:Target common:init does not exist in the project camod-installer. ]'","'[(x)|http://cbvapp-c1006.nci.nih.gov:48080/hudson/job/certify-camod/lastBuild/console|exec returned: 1]'","'[(x)|http://cbvapp-c1006.nci.nih.gov:48080/hudson/job/certify-camod/lastBuild/console|The following error occurred while executing this line:Target common:init does not exist in the project camod-installer. ]'","'[(/)|http://cbvapp-c1006.nci.nih.gov:48080/hudson/job/certify-camod/lastBuild/console|Feature implementation is successful]'","'[(x)|http://cbvapp-c1006.nci.nih.gov:48080/hudson/job/certify-camod/lastBuild/console|CI SERVER NOT REACHABLE]'","'[(x)|http://cbvapp-c1006.nci.nih.gov:48080/hudson/job/certify-camod/lastBuild/console|The following error occurred while executing this line:: The following error occurred while executing this line:/usr/local/hudsonuser/buildcertification/build/build.xml:570: Tests failed, see result file for details: /usr/local/hudsonuser/buildcertification/certification-tests/results/results.html]'","'[(/)|http://gforge.nci.nih.gov/svnroot/commonlibrary/trunk/ivy-repo/ncicb/bda-utils/1.2.17|1.2.17]'","'[(x)|http://cbvapp-c1006.nci.nih.gov:48080/hudson/job/certify-camod/lastBuild/console|exec returned: 1]'"
22,"'[cananolab|http://gforge.nci.nih.gov/svnroot/calab/cananolab/trunk/]'","(x)","'[(x)|http://cbvapp-c1006.nci.nih.gov:48080/hudson/job/certify-cananolab/lastBuild/console|The directory /usr/local/hudsonuser/buildcertification/build/working/bda_certification/software/build does not exist]'","'[(x)|http://cbvapp-c1006.nci.nih.gov:48080/hudson/job/certify-cananolab/lastBuild/console|The directory /usr/local/hudsonuser/buildcertification/build/working/bda_certification/software/build does not exist]'","'[(x)|http://cbvapp-c1006.nci.nih.gov:48080/hudson/job/certify-cananolab/lastBuild/console|Basedir /usr/local/hudsonuser/buildcertification/build/working/bda_certification/software/target/dist/exploded does not exist]'","'[(x)|http://cbvapp-c1006.nci.nih.gov:48080/hudson/job/certify-cananolab/lastBuild/console|The directory /usr/local/hudsonuser/buildcertification/build/working/bda_certification/software/target/dist/exploded does not exist]'","'[(x)|http://cbvapp-c1006.nci.nih.gov:48080/hudson/job/certify-cananolab/lastBuild/console|The directory /usr/local/hudsonuser/buildcertification/build/working/bda_certification/software/build does not exist]'","'[(x)|http://cbvapp-c1006.nci.nih.gov:48080/hudson/job/certify-cananolab/lastBuild/console|Cant checkout]'","'[(x)|http://cbvapp-c1006.nci.nih.gov:48080/hudson/job/certify-cananolab/lastBuild/console|Badly formed URL: ]'","'[(x)|http://cbvapp-c1006.nci.nih.gov:48080/hudson/job/certify-cananolab/lastBuild/console|The following error occurred while executing this line:/usr/local/hudsonuser/buildcertification/build/build.xml:579: Script Failed: /usr/local/hudsonuser/buildcertification/build/working/bda_certification/software/build/install.xml (No such file or directory)]'","'[(x)|http://cbvapp-c1006.nci.nih.gov:48080/hudson/job/certify-cananolab/lastBuild/console|The following error occurred while executing this line:: Exception while geting the version of bdauitls::/usr/local/hudsonuser/buildcertification/build/working/bda_certification/software/build/project.properties (No such file or directory)]'","'[(x)|http://cbvapp-c1006.nci.nih.gov:48080/hudson/job/certify-cananolab/lastBuild/console|The directory /usr/local/hudsonuser/buildcertification/build/working/bda_certification/software/build does not exist]'"
23,"'[catissue|https://ncisvn.nci.nih.gov/svn/catissue/branches/caTISSUE_SUITE_MAIN_BRANCH_07_Sep_09/catissuecore]'","(x)","'[(x)|http://cbvapp-c1006.nci.nih.gov:48080/hudson/job/certify-catissue/lastBuild/console|exec returned: 1]'","'[(x)|http://cbvapp-c1006.nci.nih.gov:48080/hudson/job/certify-catissue/lastBuild/console|exec returned: 1]'","'[(x)|http://cbvapp-c1006.nci.nih.gov:48080/hudson/job/certify-catissue/lastBuild/console|Basedir /usr/local/hudsonuser/buildcertification/build/working/bda_certification/software/target/dist/exploded does not exist]'","'[(x)|http://cbvapp-c1006.nci.nih.gov:48080/hudson/job/certify-catissue/lastBuild/console|The directory /usr/local/hudsonuser/buildcertification/build/working/bda_certification/software/target/dist/exploded does not exist]'","'[(x)|http://cbvapp-c1006.nci.nih.gov:48080/hudson/job/certify-catissue/lastBuild/console|exec returned: 1]'","'[(x)|http://cbvapp-c1006.nci.nih.gov:48080/hudson/job/certify-catissue/lastBuild/console|Cant checkout]'","'[(x)|http://cbvapp-c1006.nci.nih.gov:48080/hudson/job/certify-catissue/lastBuild/console|Badly formed URL: ]'","'[(x)|http://cbvapp-c1006.nci.nih.gov:48080/hudson/job/certify-catissue/lastBuild/console|The following error occurred while executing this line:: The following error occurred while executing this line:/usr/local/hudsonuser/buildcertification/build/build.xml:570: Tests failed, see result file for details: /usr/local/hudsonuser/buildcertification/certification-tests/results/results.html]'","'[(/)|http://gforge.nci.nih.gov/svnroot/commonlibrary/trunk/ivy-repo/ncicb/bda-utils/1.5.9|1.5.9]'","'[(x)|http://cbvapp-c1006.nci.nih.gov:48080/hudson/job/certify-catissue/lastBuild/console|exec returned: 1]'"
24,"'[ccts|http://gforge.nci.nih.gov/svnroot/ccts-installer/trunk]'","(x)","'[(x)|http://cbvapp-c1006.nci.nih.gov:48080/hudson/job/certify-ccts/lastBuild/console|exec returned: 1]'","'[(x)|http://cbvapp-c1006.nci.nih.gov:48080/hudson/job/certify-ccts/lastBuild/console|exec returned: 1]'","'[(x)|http://cbvapp-c1006.nci.nih.gov:48080/hudson/job/certify-ccts/lastBuild/console|The following error occurred while executing this line:Target install:init does not exist in the project bda-blueprints-installer. ]'","'[(x)|http://cbvapp-c1006.nci.nih.gov:48080/hudson/job/certify-ccts/lastBuild/console|exec returned: 1]'","'[(x)|http://cbvapp-c1006.nci.nih.gov:48080/hudson/job/certify-ccts/lastBuild/console|The following error occurred while executing this line:Target install:init does not exist in the project bda-blueprints-installer. ]'","'[(x)|http://cbvapp-c1006.nci.nih.gov:48080/hudson/job/certify-ccts/lastBuild/console|Cant checkout]'","'[(x)|http://cbvapp-c1006.nci.nih.gov:48080/hudson/job/certify-ccts/lastBuild/console|Badly formed URL: ]'","'[(x)|http://cbvapp-c1006.nci.nih.gov:48080/hudson/job/certify-ccts/lastBuild/console|The following error occurred while executing this line:: The following error occurred while executing this line:/usr/local/hudsonuser/buildcertification/build/build.xml:570: Tests failed, see result file for details: /usr/local/hudsonuser/buildcertification/certification-tests/results/results.html]'","'[(/)|http://gforge.nci.nih.gov/svnroot/commonlibrary/trunk/ivy-repo/ncicb/bda-utils/1.2.20|1.2.20]'","'[(x)|http://cbvapp-c1006.nci.nih.gov:48080/hudson/job/certify-ccts/lastBuild/console|exec returned: 1]'"
25,"'[ccts-c3pr|https://ncisvn.nci.nih.gov/svn/c3pr/trunk/c3prv2/codebase]'","(x)","'[(/)|http://cbvapp-c1006.nci.nih.gov:48080/hudson/job/certify-ccts-c3pr/lastBuild/console|Feature implementation is successful]'","'[(/)|http://cbvapp-c1006.nci.nih.gov:48080/hudson/job/certify-ccts-c3pr/lastBuild/console|Feature implementation is successful]'","'[(/)|http://cbvapp-c1006.nci.nih.gov:48080/hudson/job/certify-ccts-c3pr/lastBuild/console|Feature implementation is successful]'","'[(/)|http://cbvapp-c1006.nci.nih.gov:48080/hudson/job/certify-ccts-c3pr/lastBuild/console|Feature implementation is successful]'","'[(/)|http://cbvapp-c1006.nci.nih.gov:48080/hudson/job/certify-ccts-c3pr/lastBuild/console|Feature implementation is successful]'","'[(/)|http://cbvapp-c1006.nci.nih.gov:48080/hudson/job/certify-ccts-c3pr/lastBuild/console|Feature implementation is successful]'","'[(x)|http://cbvapp-c1006.nci.nih.gov:48080/hudson/job/certify-ccts-c3pr/lastBuild/console|CI SERVER NOT REACHABLE]'","'[(/)|http://cbvapp-c1006.nci.nih.gov:48080/hudson/job/certify-ccts-c3pr/lastBuild/console|Feature implementation is successful]'","'[(/)|http://gforge.nci.nih.gov/svnroot/commonlibrary/trunk/ivy-repo/ncicb/bda-utils/1.2.10|1.2.10]'","'[(/)|http://cbvapp-c1006.nci.nih.gov:48080/hudson/job/certify-ccts-c3pr/lastBuild/console|Feature implementation is successful]'"
26,"'[ccts-caaers|https://ncisvn.nci.nih.gov/svn/caaersappdev/trunk/caAERS]'","(x)","'[(/)|http://cbvapp-c1006.nci.nih.gov:48080/hudson/job/certify-ccts-caaers/lastBuild/console|Feature implementation is successful]'","'[(/)|http://cbvapp-c1006.nci.nih.gov:48080/hudson/job/certify-ccts-caaers/lastBuild/console|Feature implementation is successful]'","'[(/)|http://cbvapp-c1006.nci.nih.gov:48080/hudson/job/certify-ccts-caaers/lastBuild/console|Feature implementation is successful]'","'[(/)|http://cbvapp-c1006.nci.nih.gov:48080/hudson/job/certify-ccts-caaers/lastBuild/console|Feature implementation is successful]'","'[(/)|http://cbvapp-c1006.nci.nih.gov:48080/hudson/job/certify-ccts-caaers/lastBuild/console|Feature implementation is successful]'","'[(/)|http://cbvapp-c1006.nci.nih.gov:48080/hudson/job/certify-ccts-caaers/lastBuild/console|Feature implementation is successful]'","'[(x)|http://cbvapp-c1006.nci.nih.gov:48080/hudson/job/certify-ccts-caaers/lastBuild/console|CI SERVER NOT REACHABLE]'","'[(/)|http://cbvapp-c1006.nci.nih.gov:48080/hudson/job/certify-ccts-caaers/lastBuild/console|Feature implementation is successful]'","'[(/)|http://gforge.nci.nih.gov/svnroot/commonlibrary/trunk/ivy-repo/ncicb/bda-utils/1.2.10|1.2.10]'","'[(/)|http://cbvapp-c1006.nci.nih.gov:48080/hudson/job/certify-ccts-caaers/lastBuild/console|Feature implementation is successful]'"
27,"'[ccts-caXchange|https://ncisvn.nci.nih.gov/svn/cabigintegrationhub/trunk]'","(x)","'[(/)|http://cbvapp-c1006.nci.nih.gov:48080/hudson/job/certify-ccts-caXchange/lastBuild/console|Feature implementation is successful]'","'[(x)|http://cbvapp-c1006.nci.nih.gov:48080/hudson/job/certify-ccts-caXchange/lastBuild/console|exec returned: 1]'","'[(x)|http://cbvapp-c1006.nci.nih.gov:48080/hudson/job/certify-ccts-caXchange/lastBuild/console|exec returned: 1]'","'[(x)|http://cbvapp-c1006.nci.nih.gov:48080/hudson/job/certify-ccts-caXchange/lastBuild/console|exec returned: 1]'","'[(/)|http://cbvapp-c1006.nci.nih.gov:48080/hudson/job/certify-ccts-caXchange/lastBuild/console|Feature implementation is successful]'","'[(/)|http://cbvapp-c1006.nci.nih.gov:48080/hudson/job/certify-ccts-caXchange/lastBuild/console|Feature implementation is successful]'","'[(x)|http://cbvapp-c1006.nci.nih.gov:48080/hudson/job/certify-ccts-caXchange/lastBuild/console|CI SERVER NOT REACHABLE]'","'[(x)|http://cbvapp-c1006.nci.nih.gov:48080/hudson/job/certify-ccts-caXchange/lastBuild/console|The following error occurred while executing this line:: The following error occurred while executing this line:/usr/local/hudsonuser/buildcertification/build/build.xml:570: Tests failed, see result file for details: /usr/local/hudsonuser/buildcertification/certification-tests/results/results.html]'","'[(/)|http://gforge.nci.nih.gov/svnroot/commonlibrary/trunk/ivy-repo/ncicb/bda-utils/1.2.20|1.2.20]'","'[(x)|http://cbvapp-c1006.nci.nih.gov:48080/hudson/job/certify-ccts-caXchange/lastBuild/console|exec returned: 1]'"
28,"'[ccts-clinicalconnector|https://ncisvn.nci.nih.gov/svn/c3dtools/trunk/clinicalConnector]'","(x)","'[(x)|http://cbvapp-c1006.nci.nih.gov:48080/hudson/job/certify-ccts-clinicalconnector/lastBuild/console|exec returned: 1]'","'[(x)|http://cbvapp-c1006.nci.nih.gov:48080/hudson/job/certify-ccts-clinicalconnector/lastBuild/console|exec returned: 1]'","'[(x)|http://cbvapp-c1006.nci.nih.gov:48080/hudson/job/certify-ccts-clinicalconnector/lastBuild/console|The following error occurred while executing this line:java.io.FileNotFoundException: /usr/local/hudsonuser/buildcertification/build/working/bda_certification/software/target/dist/exploded/build.xml (No such file or directory)]'","'[(x)|http://cbvapp-c1006.nci.nih.gov:48080/hudson/job/certify-ccts-clinicalconnector/lastBuild/console|exec returned: 1]'","'[(x)|http://cbvapp-c1006.nci.nih.gov:48080/hudson/job/certify-ccts-clinicalconnector/lastBuild/console|exec returned: 1]'","'[(/)|http://cbvapp-c1006.nci.nih.gov:48080/hudson/job/certify-ccts-clinicalconnector/lastBuild/console|Feature implementation is successful]'","'[(x)|http://cbvapp-c1006.nci.nih.gov:48080/hudson/job/certify-ccts-clinicalconnector/lastBuild/console|Badly formed URL: ]'","'[(x)|http://cbvapp-c1006.nci.nih.gov:48080/hudson/job/certify-ccts-clinicalconnector/lastBuild/console|The following error occurred while executing this line:: The following error occurred while executing this line:/usr/local/hudsonuser/buildcertification/build/build.xml:570: Tests failed, see result file for details: /usr/local/hudsonuser/buildcertification/certification-tests/results/results.html]'","'[(/)|http://gforge.nci.nih.gov/svnroot/commonlibrary/trunk/ivy-repo/ncicb/bda-utils/1.2.7|1.2.7]'","'[(x)|http://cbvapp-c1006.nci.nih.gov:48080/hudson/job/certify-ccts-clinicalconnector/lastBuild/console|exec returned: 1]'"
29,"'[ccts-labviewer|https://ncisvn.nci.nih.gov/svn/ctodslabviewer/trunk]'","(x)","'[(x)|http://cbvapp-c1006.nci.nih.gov:48080/hudson/job/certify-ccts-labviewer/lastBuild/console|exec returned: 1]'","'[(x)|http://cbvapp-c1006.nci.nih.gov:48080/hudson/job/certify-ccts-labviewer/lastBuild/console|exec returned: 1]'","'[(x)|http://cbvapp-c1006.nci.nih.gov:48080/hudson/job/certify-ccts-labviewer/lastBuild/console|The following error occurred while executing this line:java.io.FileNotFoundException: /usr/local/hudsonuser/buildcertification/build/working/bda_certification/Code/target/dist/exploded/build.xml (No such file or directory)]'","'[(x)|http://cbvapp-c1006.nci.nih.gov:48080/hudson/job/certify-ccts-labviewer/lastBuild/console|exec returned: 1]'","'[(x)|http://cbvapp-c1006.nci.nih.gov:48080/hudson/job/certify-ccts-labviewer/lastBuild/console|exec returned: 1]'","'[(/)|http://cbvapp-c1006.nci.nih.gov:48080/hudson/job/certify-ccts-labviewer/lastBuild/console|Feature implementation is successful]'","'[(x)|http://cbvapp-c1006.nci.nih.gov:48080/hudson/job/certify-ccts-labviewer/lastBuild/console|CI SERVER NOT REACHABLE]'","'[(/)|http://cbvapp-c1006.nci.nih.gov:48080/hudson/job/certify-ccts-labviewer/lastBuild/console|Feature implementation is successful]'","'[(/)|http://gforge.nci.nih.gov/svnroot/commonlibrary/trunk/ivy-repo/ncicb/bda-utils/1.2.0|1.2.0]'","'[(+)|http://cbvapp-c1006.nci.nih.gov:48080/hudson/job/certify-ccts-labviewer/lastBuild/console|Feature is Optional]'"
30,"'[ccts-psc|https://ncisvn.nci.nih.gov/svn/psc/trunk]'","(x)","'[(/)|http://cbvapp-c1006.nci.nih.gov:48080/hudson/job/certify-ccts-psc/lastBuild/console|Feature implementation is successful]'","'[(/)|http://cbvapp-c1006.nci.nih.gov:48080/hudson/job/certify-ccts-psc/lastBuild/console|Feature implementation is successful]'","'[(x)|http://cbvapp-c1006.nci.nih.gov:48080/hudson/job/certify-ccts-psc/lastBuild/console|exec returned: 1]'","'[(/)|http://cbvapp-c1006.nci.nih.gov:48080/hudson/job/certify-ccts-psc/lastBuild/console|Feature implementation is successful]'","'[(/)|http://cbvapp-c1006.nci.nih.gov:48080/hudson/job/certify-ccts-psc/lastBuild/console|Feature implementation is successful]'","'[(/)|http://cbvapp-c1006.nci.nih.gov:48080/hudson/job/certify-ccts-psc/lastBuild/console|Feature implementation is successful]'","'[(/)|https://ctms-ci.nubic.northwestern.edu/hudson/job/PSC%20stable%20matrix/107/|Build #107(Jun 7, 2010 10:56:03 AM)Jun 11, 2010 10:29:48 PM</span><a href=\"http://hudson-ci.org/\">Hudson ver. 1.347</a></td></tr></table><script>Behaviour.addLoadEvent(function() {]'","'[(x)|http://cbvapp-c1006.nci.nih.gov:48080/hudson/job/certify-ccts-psc/lastBuild/console|The following error occurred while executing this line:: The following error occurred while executing this line:/usr/local/hudsonuser/buildcertification/build/build.xml:570: Tests failed, see result file for details: /usr/local/hudsonuser/buildcertification/certification-tests/results/results.html]'","'[(/)|http://gforge.nci.nih.gov/svnroot/commonlibrary/trunk/ivy-repo/ncicb/bda-utils/1.2.10|1.2.10]'","'[(/)|http://cbvapp-c1006.nci.nih.gov:48080/hudson/job/certify-ccts-psc/lastBuild/console|Feature implementation is successful]'"
31,"'[cpas|http://gforge.nci.nih.gov/svnroot/cpas/trunk/cpas]'","(x)","'[(x)|http://cbvapp-c1006.nci.nih.gov:48080/hudson/job/certify-cpas/lastBuild/console|The directory /usr/local/hudsonuser/buildcertification/build/working/bda_certification/software/build does not exist]'","'[(x)|http://cbvapp-c1006.nci.nih.gov:48080/hudson/job/certify-cpas/lastBuild/console|The directory /usr/local/hudsonuser/buildcertification/build/working/bda_certification/software/build does not exist]'","'[(x)|http://cbvapp-c1006.nci.nih.gov:48080/hudson/job/certify-cpas/lastBuild/console|Basedir /usr/local/hudsonuser/buildcertification/build/working/bda_certification/software/target/dist/exploded does not exist]'","'[(x)|http://cbvapp-c1006.nci.nih.gov:48080/hudson/job/certify-cpas/lastBuild/console|The directory /usr/local/hudsonuser/buildcertification/build/working/bda_certification/software/target/dist/exploded does not exist]'","'[(x)|http://cbvapp-c1006.nci.nih.gov:48080/hudson/job/certify-cpas/lastBuild/console|The directory /usr/local/hudsonuser/buildcertification/build/working/bda_certification/software/build does not exist]'","'[(x)|http://cbvapp-c1006.nci.nih.gov:48080/hudson/job/certify-cpas/lastBuild/console|Cant checkout]'","'[(x)|http://cbvapp-c1006.nci.nih.gov:48080/hudson/job/certify-cpas/lastBuild/console|Badly formed URL: ]'","'[(x)|http://cbvapp-c1006.nci.nih.gov:48080/hudson/job/certify-cpas/lastBuild/console|The following error occurred while executing this line:/usr/local/hudsonuser/buildcertification/build/build.xml:579: Script Failed: /usr/local/hudsonuser/buildcertification/build/working/bda_certification/software/build/install.xml (No such file or directory)]'","'[(x)|http://cbvapp-c1006.nci.nih.gov:48080/hudson/job/certify-cpas/lastBuild/console|The following error occurred while executing this line:: Exception while geting the version of bdauitls::/usr/local/hudsonuser/buildcertification/build/working/bda_certification/software/build/project.properties (No such file or directory)]'","'[(x)|http://cbvapp-c1006.nci.nih.gov:48080/hudson/job/certify-cpas/lastBuild/console|The directory /usr/local/hudsonuser/buildcertification/build/working/bda_certification/software/build does not exist]'"
32,"'[ctods|http://gforge.nci.nih.gov/svnroot/cactus/ctods]'","(x)","'[(/)|http://cbvapp-c1006.nci.nih.gov:48080/hudson/job/certify-ctods/lastBuild/console|Feature implementation is successful]'","'[(/)|http://cbvapp-c1006.nci.nih.gov:48080/hudson/job/certify-ctods/lastBuild/console|Feature implementation is successful]'","'[(x)|http://cbvapp-c1006.nci.nih.gov:48080/hudson/job/certify-ctods/lastBuild/console|exec returned: 1]'","'[(/)|http://cbvapp-c1006.nci.nih.gov:48080/hudson/job/certify-ctods/lastBuild/console|Feature implementation is successful]'","'[(/)|http://cbvapp-c1006.nci.nih.gov:48080/hudson/job/certify-ctods/lastBuild/console|Feature implementation is successful]'","'[(x)|http://cbvapp-c1006.nci.nih.gov:48080/hudson/job/certify-ctods/lastBuild/console|Cant checkout]'","'[(x)|http://cbvapp-c1006.nci.nih.gov:48080/hudson/job/certify-ctods/lastBuild/console|Badly formed URL: ]'","'[(x)|http://cbvapp-c1006.nci.nih.gov:48080/hudson/job/certify-ctods/lastBuild/console|The following error occurred while executing this line:: The following error occurred while executing this line:/usr/local/hudsonuser/buildcertification/build/build.xml:570: Tests failed, see result file for details: /usr/local/hudsonuser/buildcertification/certification-tests/results/results.html]'","'[(/)|http://gforge.nci.nih.gov/svnroot/commonlibrary/trunk/ivy-repo/ncicb/bda-utils/1.0.0|1.0.0]'","'[(/)|http://cbvapp-c1006.nci.nih.gov:48080/hudson/job/certify-ctods/lastBuild/console|Feature implementation is successful]'"
33,"'[evstree|https://ncisvn.nci.nih.gov/svn/evstree/trunk]'","(x)","'[(/)|http://cbvapp-c1006.nci.nih.gov:48080/hudson/job/certify-evstree/lastBuild/console|Feature implementation is successful]'","'[(x)|http://cbvapp-c1006.nci.nih.gov:48080/hudson/job/certify-evstree/lastBuild/console|exec returned: 1]'","'[(x)|http://cbvapp-c1006.nci.nih.gov:48080/hudson/job/certify-evstree/lastBuild/console|exec returned: 1]'","'[(x)|http://cbvapp-c1006.nci.nih.gov:48080/hudson/job/certify-evstree/lastBuild/console|exec returned: 1]'","'[(/)|http://cbvapp-c1006.nci.nih.gov:48080/hudson/job/certify-evstree/lastBuild/console|Feature implementation is successful]'","'[(x)|http://cbvapp-c1006.nci.nih.gov:48080/hudson/job/certify-evstree/lastBuild/console|Cant checkout]'","'[(x)|http://cbvapp-c1006.nci.nih.gov:48080/hudson/job/certify-evstree/lastBuild/console|CI SERVER NOT REACHABLE]'","'[(x)|http://cbvapp-c1006.nci.nih.gov:48080/hudson/job/certify-evstree/lastBuild/console|The following error occurred while executing this line:: The following error occurred while executing this line:/usr/local/hudsonuser/buildcertification/build/build.xml:570: Tests failed, see result file for details: /usr/local/hudsonuser/buildcertification/certification-tests/results/results.html]'","'[(/)|http://gforge.nci.nih.gov/svnroot/commonlibrary/trunk/ivy-repo/ncicb/bda-utils/1.2.8|1.2.8]'","'[(x)|http://cbvapp-c1006.nci.nih.gov:48080/hudson/job/certify-evstree/lastBuild/console|exec returned: 1]'"
34,"'[genepattern|http://gforge.nci.nih.gov/svnroot/genepattern/trunk/wrong]'","(x)","'[(x)|http://cbvapp-c1006.nci.nih.gov:48080/hudson/job/certify-genepattern/lastBuild/console|The directory /usr/local/hudsonuser/buildcertification/build/working/bda_certification/software/build does not exist]'","'[(x)|http://cbvapp-c1006.nci.nih.gov:48080/hudson/job/certify-genepattern/lastBuild/console|The directory /usr/local/hudsonuser/buildcertification/build/working/bda_certification/software/build does not exist]'","'[(x)|http://cbvapp-c1006.nci.nih.gov:48080/hudson/job/certify-genepattern/lastBuild/console|Basedir /usr/local/hudsonuser/buildcertification/build/working/bda_certification/software/target/dist/exploded does not exist]'","'[(x)|http://cbvapp-c1006.nci.nih.gov:48080/hudson/job/certify-genepattern/lastBuild/console|The directory /usr/local/hudsonuser/buildcertification/build/working/bda_certification/software/target/dist/exploded does not exist]'","'[(x)|http://cbvapp-c1006.nci.nih.gov:48080/hudson/job/certify-genepattern/lastBuild/console|The directory /usr/local/hudsonuser/buildcertification/build/working/bda_certification/software/build does not exist]'","'[(x)|http://cbvapp-c1006.nci.nih.gov:48080/hudson/job/certify-genepattern/lastBuild/console|Cant checkout]'","'[(x)|http://cbvapp-c1006.nci.nih.gov:48080/hudson/job/certify-genepattern/lastBuild/console|Badly formed URL: ]'","'[(x)|http://cbvapp-c1006.nci.nih.gov:48080/hudson/job/certify-genepattern/lastBuild/console|The following error occurred while executing this line:/usr/local/hudsonuser/buildcertification/build/build.xml:579: Script Failed: /usr/local/hudsonuser/buildcertification/build/working/bda_certification/software/build/install.xml (No such file or directory)]'","'[(x)|http://cbvapp-c1006.nci.nih.gov:48080/hudson/job/certify-genepattern/lastBuild/console|The following error occurred while executing this line:: Exception while geting the version of bdauitls::/usr/local/hudsonuser/buildcertification/build/working/bda_certification/software/build/project.properties (No such file or directory)]'","'[(x)|http://cbvapp-c1006.nci.nih.gov:48080/hudson/job/certify-genepattern/lastBuild/console|The directory /usr/local/hudsonuser/buildcertification/build/working/bda_certification/software/build does not exist]'"
35,"'[ispy|http://gforge.nci.nih.gov/svnroot/ispy/trunk/]'","(x)","'[(x)|http://cbvapp-c1006.nci.nih.gov:48080/hudson/job/certify-ispy/lastBuild/console|The directory /usr/local/hudsonuser/buildcertification/build/working/bda_certification/software/build does not exist]'","'[(x)|http://cbvapp-c1006.nci.nih.gov:48080/hudson/job/certify-ispy/lastBuild/console|The directory /usr/local/hudsonuser/buildcertification/build/working/bda_certification/software/build does not exist]'","'[(x)|http://cbvapp-c1006.nci.nih.gov:48080/hudson/job/certify-ispy/lastBuild/console|Basedir /usr/local/hudsonuser/buildcertification/build/working/bda_certification/software/target/dist/exploded does not exist]'","'[(x)|http://cbvapp-c1006.nci.nih.gov:48080/hudson/job/certify-ispy/lastBuild/console|The directory /usr/local/hudsonuser/buildcertification/build/working/bda_certification/software/target/dist/exploded does not exist]'","'[(x)|http://cbvapp-c1006.nci.nih.gov:48080/hudson/job/certify-ispy/lastBuild/console|The directory /usr/local/hudsonuser/buildcertification/build/working/bda_certification/software/build does not exist]'","'[(x)|http://cbvapp-c1006.nci.nih.gov:48080/hudson/job/certify-ispy/lastBuild/console|Cant checkout]'","'[(x)|http://cbvapp-c1006.nci.nih.gov:48080/hudson/job/certify-ispy/lastBuild/console|Badly formed URL: ]'","'[(x)|http://cbvapp-c1006.nci.nih.gov:48080/hudson/job/certify-ispy/lastBuild/console|The following error occurred while executing this line:/usr/local/hudsonuser/buildcertification/build/build.xml:579: Script Failed: /usr/local/hudsonuser/buildcertification/build/working/bda_certification/software/build/install.xml (No such file or directory)]'","'[(x)|http://cbvapp-c1006.nci.nih.gov:48080/hudson/job/certify-ispy/lastBuild/console|The following error occurred while executing this line:: Exception while geting the version of bdauitls::/usr/local/hudsonuser/buildcertification/build/working/bda_certification/software/build/project.properties (No such file or directory)]'","'[(x)|http://cbvapp-c1006.nci.nih.gov:48080/hudson/job/certify-ispy/lastBuild/console|The directory /usr/local/hudsonuser/buildcertification/build/working/bda_certification/software/build does not exist]'"
36,"'[nbia|https://ncisvn.nci.nih.gov/svn/nbia/trunk]'","(/)","'[(/)|http://cbvapp-c1006.nci.nih.gov:48080/hudson/job/certify-nbia/lastBuild/console|Feature implementation is successful]'","'[(/)|http://cbvapp-c1006.nci.nih.gov:48080/hudson/job/certify-nbia/lastBuild/console|Feature implementation is successful]'","'[(/)|http://cbvapp-c1006.nci.nih.gov:48080/hudson/job/certify-nbia/lastBuild/console|Feature implementation is successful]'","'[(/)|http://cbvapp-c1006.nci.nih.gov:48080/hudson/job/certify-nbia/lastBuild/console|Feature implementation is successful]'","'[(/)|http://cbvapp-c1006.nci.nih.gov:48080/hudson/job/certify-nbia/lastBuild/console|Feature implementation is successful]'","'[(/)|http://cbvapp-c1006.nci.nih.gov:48080/hudson/job/certify-nbia/lastBuild/console|Feature implementation is successful]'","'[(/)|http://cbv-ciweb-base.nci.nih.gov:48080/hudson/job/ncia_ci/4549/|Build #4549(Jun 7, 2010 11:41:43 AM)Jun 14, 2010 6:42:34 PM</span><a href=\"http://hudson.dev.java.net/\">]'","'[(/)|http://cbvapp-c1006.nci.nih.gov:48080/hudson/job/certify-nbia/lastBuild/console|Feature implementation is successful]'","'[(/)|http://gforge.nci.nih.gov/svnroot/commonlibrary/trunk/ivy-repo/ncicb/bda-utils/1.5.20|1.5.20]'","'[(/)|http://cbvapp-c1006.nci.nih.gov:48080/hudson/job/certify-nbia/lastBuild/console|Feature implementation is successful]'"
37,"'[ncit|http://gforge.nci.nih.gov/svnroot/ncit/trunk]'","(x)","'[(/)|http://cbvapp-c1006.nci.nih.gov:48080/hudson/job/certify-ncit/lastBuild/console|Feature implementation is successful]'","'[(x)|http://cbvapp-c1006.nci.nih.gov:48080/hudson/job/certify-ncit/lastBuild/console|exec returned: 1]'","'[(x)|http://cbvapp-c1006.nci.nih.gov:48080/hudson/job/certify-ncit/lastBuild/console|exec returned: 1]'","'[(+)|http://cbvapp-c1006.nci.nih.gov:48080/hudson/job/certify-ncit/lastBuild/console|Feature is Optional]'","'[(/)|http://cbvapp-c1006.nci.nih.gov:48080/hudson/job/certify-ncit/lastBuild/console|Feature implementation is successful]'","'[(/)|http://cbvapp-c1006.nci.nih.gov:48080/hudson/job/certify-ncit/lastBuild/console|Feature implementation is successful]'","'[(x)|http://cbvapp-c1006.nci.nih.gov:48080/hudson/job/certify-ncit/lastBuild/console|Cant get http://ncias-c171-v.nci.nih.gov:48080/hudson/job/ncitbrowser-nightly/lastBuild to /usr/local/hudsonuser/buildcertification/build/working/bda_certification/software/build/ciBuildLog.xml]'","'[(x)|http://cbvapp-c1006.nci.nih.gov:48080/hudson/job/certify-ncit/lastBuild/console|The following error occurred while executing this line:: The following error occurred while executing this line:/usr/local/hudsonuser/buildcertification/build/build.xml:576: Tests failed, see result file for details: /usr/local/hudsonuser/buildcertification/certification-tests/results/results.html]'","'[(/)|http://gforge.nci.nih.gov/svnroot/commonlibrary/trunk/ivy-repo/ncicb/bda-utils/1.6.1|1.6.1]'","'[(+)|http://cbvapp-c1006.nci.nih.gov:48080/hudson/job/certify-ncit/lastBuild/console|Feature is Optional]'"
38,"'[petstore|http://gforge.nci.nih.gov/svnroot/bda-petstore]'","(/)","'[(/)|http://cbvapp-c1006.nci.nih.gov:48080/hudson/job/certify-petstore/lastBuild/console|Feature implementation is successful]'","'[(/)|http://cbvapp-c1006.nci.nih.gov:48080/hudson/job/certify-petstore/lastBuild/console|Feature implementation is successful]'","'[(/)|http://cbvapp-c1006.nci.nih.gov:48080/hudson/job/certify-petstore/lastBuild/console|Feature implementation is successful]'","'[(/)|http://cbvapp-c1006.nci.nih.gov:48080/hudson/job/certify-petstore/lastBuild/console|Feature implementation is successful]'","'[(/)|http://cbvapp-c1006.nci.nih.gov:48080/hudson/job/certify-petstore/lastBuild/console|Feature implementation is successful]'","'[(/)|http://cbvapp-c1006.nci.nih.gov:48080/hudson/job/certify-petstore/lastBuild/console|Feature implementation is successful]'","'[(x)|http://cbvapp-c1007.nci.nih.gov:48080/hudson/job/bda-blueprints-ci/3443/|Build #3443(May 24, 2010 10:26:15 AM)]'","'[(/)|http://cbvapp-c1006.nci.nih.gov:48080/hudson/job/certify-petstore/lastBuild/console|Feature implementation is successful]'","'[(/)|http://gforge.nci.nih.gov/svnroot/commonlibrary/trunk/ivy-repo/ncicb/bda-utils/1.5.13|1.5.13]'","'[(/)|http://cbvapp-c1006.nci.nih.gov:48080/hudson/job/certify-petstore/lastBuild/console|Feature implementation is successful]'"
39,"'[po|https://ncisvn.nci.nih.gov/svn/coppa/trunk]'","(x)","'[(/)|http://cbvapp-c1006.nci.nih.gov:48080/hudson/job/certify-po/lastBuild/console|Feature implementation is successful]'","'[(x)|http://cbvapp-c1006.nci.nih.gov:48080/hudson/job/certify-po/lastBuild/console|exec returned: 1]'","'[(x)|http://cbvapp-c1006.nci.nih.gov:48080/hudson/job/certify-po/lastBuild/console|exec returned: 1]'","'[(x)|http://cbvapp-c1006.nci.nih.gov:48080/hudson/job/certify-po/lastBuild/console|exec returned: 1]'","'[(/)|http://cbvapp-c1006.nci.nih.gov:48080/hudson/job/certify-po/lastBuild/console|Feature implementation is successful]'","'[(/)|http://cbvapp-c1006.nci.nih.gov:48080/hudson/job/certify-po/lastBuild/console|Feature implementation is successful]'","'[(!)|http://cbvapp-c1005.nci.nih.gov:48080/hudson/job/po-bda-ci/2416/|Build #2416(Jun 16, 2010 8:02:44 AM)]'","'[(/)|http://cbvapp-c1006.nci.nih.gov:48080/hudson/job/certify-po/lastBuild/console|Feature implementation is successful]'","'[(/)|http://gforge.nci.nih.gov/svnroot/commonlibrary/trunk/ivy-repo/ncicb/bda-utils/1.6.2|1.6.2]'","'[(x)|http://cbvapp-c1006.nci.nih.gov:48080/hudson/job/certify-po/lastBuild/console|exec returned: 1]'"
40,"'[pro-ctcae|http://gforge.nci.nih.gov/svnroot/pro-ctcae/trunk]'","(x)","'[(x)|http://cbvapp-c1006.nci.nih.gov:48080/hudson/job/certify-pro-ctcae/lastBuild/console|The directory /usr/local/hudsonuser/buildcertification/build/working/bda_certification/software/build does not exist]'","'[(x)|http://cbvapp-c1006.nci.nih.gov:48080/hudson/job/certify-pro-ctcae/lastBuild/console|The directory /usr/local/hudsonuser/buildcertification/build/working/bda_certification/software/build does not exist]'","'[(x)|http://cbvapp-c1006.nci.nih.gov:48080/hudson/job/certify-pro-ctcae/lastBuild/console|Basedir /usr/local/hudsonuser/buildcertification/build/working/bda_certification/software/target/dist/exploded does not exist]'","'[(x)|http://cbvapp-c1006.nci.nih.gov:48080/hudson/job/certify-pro-ctcae/lastBuild/console|The directory /usr/local/hudsonuser/buildcertification/build/working/bda_certification/software/target/dist/exploded does not exist]'","'[(x)|http://cbvapp-c1006.nci.nih.gov:48080/hudson/job/certify-pro-ctcae/lastBuild/console|The directory /usr/local/hudsonuser/buildcertification/build/working/bda_certification/software/build does not exist]'","'[(x)|http://cbvapp-c1006.nci.nih.gov:48080/hudson/job/certify-pro-ctcae/lastBuild/console|Cant checkout]'","'[(x)|http://cbvapp-c1006.nci.nih.gov:48080/hudson/job/certify-pro-ctcae/lastBuild/console|Badly formed URL: ]'","'[(x)|http://cbvapp-c1006.nci.nih.gov:48080/hudson/job/certify-pro-ctcae/lastBuild/console|The following error occurred while executing this line:/usr/local/hudsonuser/buildcertification/build/build.xml:585: Script Failed: /usr/local/hudsonuser/buildcertification/build/working/bda_certification/software/build/install.xml (No such file or directory)]'","'[(x)|http://cbvapp-c1006.nci.nih.gov:48080/hudson/job/certify-pro-ctcae/lastBuild/console|The following error occurred while executing this line:: Exception while geting the version of bdauitls::/usr/local/hudsonuser/buildcertification/build/working/bda_certification/software/build/project.properties (No such file or directory)]'","'[(x)|http://cbvapp-c1006.nci.nih.gov:48080/hudson/job/certify-pro-ctcae/lastBuild/console|The directory /usr/local/hudsonuser/buildcertification/build/working/bda_certification/software/build does not exist]'"
41,"'[protexpress|http://gforge.nci.nih.gov/svnroot/gpsxar/trunk]'","(x)","'[(x)|http://cbvapp-c1006.nci.nih.gov:48080/hudson/job/certify-protexpress/lastBuild/console|exec returned: 1]'","'[(x)|http://cbvapp-c1006.nci.nih.gov:48080/hudson/job/certify-protexpress/lastBuild/console|exec returned: 1]'","'[(x)|http://cbvapp-c1006.nci.nih.gov:48080/hudson/job/certify-protexpress/lastBuild/console|exec returned: 1]'","'[(x)|http://cbvapp-c1006.nci.nih.gov:48080/hudson/job/certify-protexpress/lastBuild/console|exec returned: 1]'","'[(x)|http://cbvapp-c1006.nci.nih.gov:48080/hudson/job/certify-protexpress/lastBuild/console|The following error occurred while executing this line:: TEMPLATE VALIDATION FAILED: Can not find the template file]'","'[(x)|http://cbvapp-c1006.nci.nih.gov:48080/hudson/job/certify-protexpress/lastBuild/console|Cant checkout]'","'[(x)|http://cbvapp-c1006.nci.nih.gov:48080/hudson/job/certify-protexpress/lastBuild/console|Badly formed URL: ]'","'[(x)|http://cbvapp-c1006.nci.nih.gov:48080/hudson/job/certify-protexpress/lastBuild/console|The following error occurred while executing this line:: The following error occurred while executing this line:/usr/local/hudsonuser/buildcertification/build/build.xml:576: Tests failed, see result file for details: /usr/local/hudsonuser/buildcertification/certification-tests/results/results.html]'","'[(/)|http://gforge.nci.nih.gov/svnroot/commonlibrary/trunk/ivy-repo/ncicb/bda-utils/0.7.0|0.7.0]'","'[(x)|http://cbvapp-c1006.nci.nih.gov:48080/hudson/job/certify-protexpress/lastBuild/console|exec returned: 1]'"
42,"'[rembrandt|http://gforge.nci.nih.gov/svnroot/rembrandt/trunk/]'","(x)","'[(x)|http://cbvapp-c1006.nci.nih.gov:48080/hudson/job/certify-rembrandt/lastBuild/console|The directory /usr/local/hudsonuser/buildcertification/build/working/bda_certification/software/build does not exist]'","'[(x)|http://cbvapp-c1006.nci.nih.gov:48080/hudson/job/certify-rembrandt/lastBuild/console|The directory /usr/local/hudsonuser/buildcertification/build/working/bda_certification/software/build does not exist]'","'[(x)|http://cbvapp-c1006.nci.nih.gov:48080/hudson/job/certify-rembrandt/lastBuild/console|Basedir /usr/local/hudsonuser/buildcertification/build/working/bda_certification/software/target/dist/exploded does not exist]'","'[(x)|http://cbvapp-c1006.nci.nih.gov:48080/hudson/job/certify-rembrandt/lastBuild/console|The directory /usr/local/hudsonuser/buildcertification/build/working/bda_certification/software/target/dist/exploded does not exist]'","'[(x)|http://cbvapp-c1006.nci.nih.gov:48080/hudson/job/certify-rembrandt/lastBuild/console|The directory /usr/local/hudsonuser/buildcertification/build/working/bda_certification/software/build does not exist]'","'[(x)|http://cbvapp-c1006.nci.nih.gov:48080/hudson/job/certify-rembrandt/lastBuild/console|Cant checkout]'","'[(x)|http://cbvapp-c1006.nci.nih.gov:48080/hudson/job/certify-rembrandt/lastBuild/console|Badly formed URL: ]'","'[(x)|http://cbvapp-c1006.nci.nih.gov:48080/hudson/job/certify-rembrandt/lastBuild/console|The following error occurred while executing this line:/usr/local/hudsonuser/buildcertification/build/build.xml:585: Script Failed: /usr/local/hudsonuser/buildcertification/build/working/bda_certification/software/build/install.xml (No such file or directory)]'","'[(x)|http://cbvapp-c1006.nci.nih.gov:48080/hudson/job/certify-rembrandt/lastBuild/console|The following error occurred while executing this line:: Exception while geting the version of bdauitls::/usr/local/hudsonuser/buildcertification/build/working/bda_certification/software/build/project.properties (No such file or directory)]'","'[(x)|http://cbvapp-c1006.nci.nih.gov:48080/hudson/job/certify-rembrandt/lastBuild/console|The directory /usr/local/hudsonuser/buildcertification/build/working/bda_certification/software/build does not exist]'"
43,"'[reportwriter|http://gforge.nci.nih.gov/svnroot/reportwriter/trunk]'","(/)","'[(/)|http://cbvapp-c1006.nci.nih.gov:48080/hudson/job/certify-reportwriter/lastBuild/console|Feature implementation is successful]'","'[(/)|http://cbvapp-c1006.nci.nih.gov:48080/hudson/job/certify-reportwriter/lastBuild/console|Feature implementation is successful]'","'[(/)|http://cbvapp-c1006.nci.nih.gov:48080/hudson/job/certify-reportwriter/lastBuild/console|Feature implementation is successful]'","'[(/)|http://cbvapp-c1006.nci.nih.gov:48080/hudson/job/certify-reportwriter/lastBuild/console|Feature implementation is successful]'","'[(/)|http://cbvapp-c1006.nci.nih.gov:48080/hudson/job/certify-reportwriter/lastBuild/console|Feature implementation is successful]'","'[(/)|http://cbvapp-c1006.nci.nih.gov:48080/hudson/job/certify-reportwriter/lastBuild/console|Feature implementation is successful]'","'[(/)|http://ncias-c171-v.nci.nih.gov:48080/hudson/job/reportwriter/54/|Build #54(Jun 16, 2010 2:01:19 AM)Jun 16, 2010 6:38:05 AM</span><a href=\"http://hudson-ci.org/\">Hudson ver. 1.355</a></td></tr></table><script>Behaviour.addLoadEvent(function() {]'","'[(/)|http://cbvapp-c1006.nci.nih.gov:48080/hudson/job/certify-reportwriter/lastBuild/console|Feature implementation is successful]'","'[(/)|http://gforge.nci.nih.gov/svnroot/commonlibrary/trunk/ivy-repo/ncicb/bda-utils/1.6.1|1.6.1]'","'[(+)|http://cbvapp-c1006.nci.nih.gov:48080/hudson/job/certify-reportwriter/lastBuild/console|Feature is Optional]'"
44,"'[tcga|https://ncisvn.nci.nih.gov/svn/tcgainformatics/tcga-qc/trunk/TCGA-Core/]'","(x)","'[(x)|http://cbvapp-c1006.nci.nih.gov:48080/hudson/job/certify-tcga/lastBuild/console|The directory /usr/local/hudsonuser/buildcertification/build/working/bda_certification/build does not exist]'","'[(x)|http://cbvapp-c1006.nci.nih.gov:48080/hudson/job/certify-tcga/lastBuild/console|The directory /usr/local/hudsonuser/buildcertification/build/working/bda_certification/build does not exist]'","'[(x)|http://cbvapp-c1006.nci.nih.gov:48080/hudson/job/certify-tcga/lastBuild/console|Basedir /usr/local/hudsonuser/buildcertification/build/working/bda_certification/software/target/dist/exploded does not exist]'","'[(x)|http://cbvapp-c1006.nci.nih.gov:48080/hudson/job/certify-tcga/lastBuild/console|The directory /usr/local/hudsonuser/buildcertification/build/working/bda_certification/software/target/dist/exploded does not exist]'","'[(x)|http://cbvapp-c1006.nci.nih.gov:48080/hudson/job/certify-tcga/lastBuild/console|The directory /usr/local/hudsonuser/buildcertification/build/working/bda_certification/build does not exist]'","'[(x)|http://cbvapp-c1006.nci.nih.gov:48080/hudson/job/certify-tcga/lastBuild/console|Cant checkout]'","'[(x)|http://cbvapp-c1006.nci.nih.gov:48080/hudson/job/certify-tcga/lastBuild/console|Badly formed URL: ]'","'[(x)|http://cbvapp-c1006.nci.nih.gov:48080/hudson/job/certify-tcga/lastBuild/console|The following error occurred while executing this line:/usr/local/hudsonuser/buildcertification/build/build.xml:585: Script Failed: /usr/local/hudsonuser/buildcertification/build/working/bda_certification/build/install.xml (No such file or directory)]'","'[(x)|http://cbvapp-c1006.nci.nih.gov:48080/hudson/job/certify-tcga/lastBuild/console|The following error occurred while executing this line:: Exception while geting the version of bdauitls::/usr/local/hudsonuser/buildcertification/build/working/bda_certification/build/project.properties (No such file or directory)]'","'[(x)|http://cbvapp-c1006.nci.nih.gov:48080/hudson/job/certify-tcga/lastBuild/console|The directory /usr/local/hudsonuser/buildcertification/build/working/bda_certification/build does not exist]'"
45,"'[upt|http://gforge.nci.nih.gov/svnroot/security/trunk]'","(x)","'[(/)|http://cbvapp-c1006.nci.nih.gov:48080/hudson/job/certify-upt/lastBuild/console|Feature implementation is successful]'","'[(/)|http://cbvapp-c1006.nci.nih.gov:48080/hudson/job/certify-upt/lastBuild/console|Feature implementation is successful]'","'[(x)|http://cbvapp-c1006.nci.nih.gov:48080/hudson/job/certify-upt/lastBuild/console|exec returned: 1]'","'[(/)|http://cbvapp-c1006.nci.nih.gov:48080/hudson/job/certify-upt/lastBuild/console|Feature implementation is successful]'","'[(/)|http://cbvapp-c1006.nci.nih.gov:48080/hudson/job/certify-upt/lastBuild/console|Feature implementation is successful]'","'[(/)|http://cbvapp-c1006.nci.nih.gov:48080/hudson/job/certify-upt/lastBuild/console|Feature implementation is successful]'","'[(x)|http://cbvapp-c1002.nci.nih.gov:48080/hudson/job/csm-install/101/|Build #101(Jun 12, 2010 12:02:03 AM)]'","'[(x)|http://cbvapp-c1006.nci.nih.gov:48080/hudson/job/certify-upt/lastBuild/console|The following error occurred while executing this line:: The following error occurred while executing this line:/usr/local/hudsonuser/buildcertification/build/build.xml:576: Tests failed, see result file for details: /usr/local/hudsonuser/buildcertification/certification-tests/results/results.html]'","'[(/)|http://gforge.nci.nih.gov/svnroot/commonlibrary/trunk/ivy-repo/ncicb/bda-utils/1.2.14|1.2.14]'","'[(/)|http://cbvapp-c1006.nci.nih.gov:48080/hudson/job/certify-upt/lastBuild/console|Feature implementation is successful]'"
46,"'[workbench|http://gforge.nci.nih.gov/svnroot/cacoresdk/trunk]'","(x)","'[(/)|http://cbvapp-c1006.nci.nih.gov:48080/hudson/job/certify-workbench/lastBuild/console|Feature implementation is successful]'","'[(/)|http://cbvapp-c1006.nci.nih.gov:48080/hudson/job/certify-workbench/lastBuild/console|Feature implementation is successful]'","'[(/)|http://cbvapp-c1006.nci.nih.gov:48080/hudson/job/certify-workbench/lastBuild/console|Feature implementation is successful]'","'[(/)|http://cbvapp-c1006.nci.nih.gov:48080/hudson/job/certify-workbench/lastBuild/console|Feature implementation is successful]'","'[(/)|http://cbvapp-c1006.nci.nih.gov:48080/hudson/job/certify-workbench/lastBuild/console|Feature implementation is successful]'","'[(/)|http://cbvapp-c1006.nci.nih.gov:48080/hudson/job/certify-workbench/lastBuild/console|Feature implementation is successful]'","'[(x)|http://cbvapp-c1006.nci.nih.gov:48080/hudson/job/certify-workbench/lastBuild/console|CI SERVER NOT REACHABLE]'","'[(/)|http://cbvapp-c1006.nci.nih.gov:48080/hudson/job/certify-workbench/lastBuild/console|Feature implementation is successful]'","'[(/)|http://gforge.nci.nih.gov/svnroot/commonlibrary/trunk/ivy-repo/ncicb/bda-utils/1.2.13|1.2.13]'","'[(/)|http://cbvapp-c1006.nci.nih.gov:48080/hudson/job/certify-workbench/lastBuild/console|Feature implementation is successful]'"
47,"'[caEHR-ESD|http://caehrorg.jira.com/svn/ESD/trunk]'","(x)","'[(x)|http://cbvapp-c1006.nci.nih.gov:48080/hudson/job/certify-caEHR-ESD/lastBuild/console|exec returned: 1]'","'[(x)|http://cbvapp-c1006.nci.nih.gov:48080/hudson/job/certify-caEHR-ESD/lastBuild/console|exec returned: 1]'","'[(x)|http://cbvapp-c1006.nci.nih.gov:48080/hudson/job/certify-caEHR-ESD/lastBuild/console|The following error occurred while executing this line:java.io.FileNotFoundException: /usr/local/hudsonuser/buildcertification/build/working/bda_certification/software/target/dist/exploded/build.xml (No such file or directory)]'","'[(x)|http://cbvapp-c1006.nci.nih.gov:48080/hudson/job/certify-caEHR-ESD/lastBuild/console|exec returned: 1]'","'[(x)|http://cbvapp-c1006.nci.nih.gov:48080/hudson/job/certify-caEHR-ESD/lastBuild/console|exec returned: 1]'","'[(x)|http://cbvapp-c1006.nci.nih.gov:48080/hudson/job/certify-caEHR-ESD/lastBuild/console|Cant checkout]'","'[(!)|http://ci.caehr.net:48080/hudson/job/ESD_Full_Deploy/177/|Build #177(Jun 15, 2010 5:09:32 PM)Jun 15, 2010 5:14:27 PM</span><a href=\"http://hudson-ci.org/\">Hudson ver. 1.355</a></td></tr></table></body></html>]'","'[(x)|http://cbvapp-c1006.nci.nih.gov:48080/hudson/job/certify-caEHR-ESD/lastBuild/console|The following error occurred while executing this line:: The following error occurred while executing this line:/usr/local/hudsonuser/buildcertification/build/build.xml:582: Tests failed, see result file for details: /usr/local/hudsonuser/buildcertification/certification-tests/results/results.html]'","'[(x)|http://cbvapp-c1006.nci.nih.gov:48080/hudson/job/certify-caEHR-ESD/lastBuild/console|The following error occurred while executing this line:: PROJECT USES THE 1.6.0-beta BETA VERSION OF THE BDA UTILS]'","'[(x)|http://cbvapp-c1006.nci.nih.gov:48080/hudson/job/certify-caEHR-ESD/lastBuild/console|exec returned: 1]'"
